type,value,source
hash_sha256,d8968b42d7474dd939eb6e85505855634f19cda40fc49a5573bb0cad64713992,private
hash_sha256,1ABFFE97AAFE9916B366DA57458A78338598CAB9742C2D9E03E4AD0BA11F29BF,public
hash_sha256,243B92959CD9AA03482F3398FBE81B4874C50A5945FE6B0C0ABB432A33DB853F,public
hash_sha256,25967270D67253C72532A7E0416EB27FF249BC17DC1D7CDED0148F8F4B932789,public
hash_sha256,26B1D37EA3DA6A6213B65B000DBB39575D858FA274AEA895CC3BF62E706FCE5D,public
hash_sha256,274EFB6BB2F95DEB7C7F8192919BF690D69C3F3A441C81FE2A24284D5F274973,public
hash_sha256,28E6362ECF033B2A26C7457DCBD7AD2AB34E253FB08666D39073391A1254EA41,public
hash_sha256,2BAE8B07F5098E1CA8FB5A5776EB874072ACE4E19734CBA4AF4450EECCDE7F89,public
hash_sha256,2DF4C7BFA608CA88D9D659358894226910850AC0D7E566C6C10EC2727361D47B,public
hash_sha256,32609FAEF0B04F0C37C4CF081C147872A45C59D7C4FBCA35DEB40D144B0226AD,public
hash_sha256,33EA72B46AF7BB2ECC0775F7536D3259F34BD7A13E298CAC66649EE694097C2E,public
hash_sha256,364F38B48565814B576F482C1E0EB4C8D58EFFCD033FD45136EE00640A2B5321,public
hash_sha256,366EA3377EAEFA28B655B530710C03FB2ACE67BB531B1820E916CB02023892BA,public
hash_sha256,3CEF0B5F069CC1D15D36AA83D54D2A7BE79B29B02081B6592DD4714639AD0A66,public
hash_sha256,3E137DA41CB509412EE230C6D7AAC3D69361358B28C3A09EC851D3C0F3853326,public
hash_sha256,40EBD719AA66A88E261633887ED4E2C144BD11FBCC6F7793F9B32652CC5BF2D3,public
hash_sha256,42663F9D1AD0FE190912800B92C64D38B6F74FAC23281B87180A4FEF5BC2EFD6,public
hash_sha256,43DE1831368E6420B90210E15F72CEA9171478391E15EFDD608AD22FE916CEA8,public
hash_sha256,44DC2777EE8DD6D5CD8EBB10E71CAF73B330940131417B5FCA2B174A264E19E3,public
hash_sha1,CE120E922ED4156DBD07DE8335C5A632974EC527,public
url,http://64.52.80.211/1.php?s=boicn,public
url,http://web3-authframe.top/st1?s=exodus_24,public
hash_md5,0C03EFD969F6D9E6517C300F8FD92921,public
hash_md5,1E210FCC47EDA459998C9A74C30F394E,public
domain,2024-tax-refund.info,public
domain,akami-cdns.com,public
domain,askforupdate.org,public
domain,blackshelter.org,public
